<?xml version="1.0" encoding="UTF-8"?>
<project-private xmlns="http://www.netbeans.org/ns/project-private/1">
    <editor-bookmarks xmlns="http://www.netbeans.org/ns/editor-bookmarks/2" lastBookmarkId="0"/>
    <open-files xmlns="http://www.netbeans.org/ns/projectui-open-files/2">
        <group>
            <file>file:/C:/Users/EPKinsella/Documents/NetBeansProjects/ErrigalAddressBook/src/errigaladdressbook/PersonInfo.java</file>
            <file>file:/C:/Users/EPKinsella/Documents/NetBeansProjects/ErrigalAddressBook/test/ErrigalTestCases.java</file>
            <file>file:/C:/Users/EPKinsella/Documents/NetBeansProjects/ErrigalAddressBook/src/errigaladdressbook/AddressBook.java</file>
            <file>file:/C:/Users/EPKinsella/Documents/NetBeansProjects/ErrigalAddressBook/src/errigaladdressbook/ErrigalAddressBook.java</file>
        </group>
    </open-files>
</project-private>
